"snp","n","cor_AF_pearson","abs_r"
"rs19486",100,-0.242802358484719,0.242802358484719
"rs26922",100,-0.194188537877447,0.194188537877447
"rs31247",100,-0.175742075524204,0.175742075524204
"rs88128",100,0.15905007616838,0.15905007616838
"rs67611",100,-0.152413530003082,0.152413530003082
"rs91479",100,0.147707768383513,0.147707768383513
"rs59798",100,0.125165074233582,0.125165074233582
"rs31255",100,0.121218439672755,0.121218439672755
"rs15488",100,-0.117285653124899,0.117285653124899
"rs36733",100,-0.109479442560784,0.109479442560784
"rs64743",100,-0.107148116222858,0.107148116222858
"rs93874",100,-0.101749363312149,0.101749363312149
"rs41227",100,-0.101601892535725,0.101601892535725
"rs77787",100,-0.0985236245464155,0.0985236245464155
"rs69792",100,0.0849647968265874,0.0849647968265874
"rs79273",100,-0.082378663708366,0.082378663708366
"rs15365",100,-0.0823181203045678,0.0823181203045678
"rs97964",100,-0.079256830514819,0.079256830514819
"rs78369",100,-0.0778212476198334,0.0778212476198334
"rs78356",100,-0.0747749760538663,0.0747749760538663
"rs84473",100,-0.0744189596521529,0.0744189596521529
"rs14154",100,0.0738496470725836,0.0738496470725836
"rs83336",100,-0.073754439382597,0.073754439382597
"rs56579",100,0.0733607627690379,0.0733607627690379
"rs34168",100,0.0661559285787931,0.0661559285787931
"rs58943",100,0.0657461790470666,0.0657461790470666
"rs19245",100,0.0654553068883031,0.0654553068883031
"rs21972",100,-0.0638128073595608,0.0638128073595608
"rs57298",100,0.0632729552457623,0.0632729552457623
"rs57179",100,-0.0615565901481598,0.0615565901481598
"rs35374",100,-0.0560350206317314,0.0560350206317314
"rs91783",100,0.0552993215354197,0.0552993215354197
"rs47951",100,-0.044815799899383,0.044815799899383
"rs59119",100,0.0434203839883452,0.0434203839883452
"rs65498",100,0.042569083806357,0.042569083806357
"rs57586",100,-0.0398125498719592,0.0398125498719592
"rs91154",100,0.035943933083082,0.035943933083082
"rs29772",100,0.0358077624896245,0.0358077624896245
"rs11326",100,0.0347173149111145,0.0347173149111145
"rs56821",100,-0.0323146422766571,0.0323146422766571
"rs72959",100,0.0298781902819518,0.0298781902819518
"rs24192",100,-0.024736377640419,0.024736377640419
"rs21843",100,-0.0205344712338915,0.0205344712338915
"rs82922",100,0.0200262554856823,0.0200262554856823
"rs88447",100,-0.0187768877757783,0.0187768877757783
"rs87926",100,0.0124006605855271,0.0124006605855271
"rs18317",100,-0.012392110519286,0.012392110519286
"rs29978",100,0.00694728956301456,0.00694728956301456
"rs72794",100,0.00538964810641588,0.00538964810641588
"rs13977",100,0.00195746030030226,0.00195746030030226
