"snp","n","n_levels","p_AF","p_AF_fdr"
"rs19486",100,3,0.0149314012074656,0.746570060373282
"rs26922",100,3,0.0528747904648662,0.904865825350499
"rs31247",100,3,0.0802970669518331,0.904865825350499
"rs88128",100,3,0.113973339098943,0.904865825350499
"rs67611",100,3,0.130068370209163,0.904865825350499
"rs91479",100,3,0.142494551196731,0.904865825350499
"rs59798",100,3,0.214679472584777,0.904865825350499
"rs31255",100,3,0.229603772808119,0.904865825350499
"rs15488",100,3,0.245183979606778,0.904865825350499
"rs36733",100,3,0.278234811239117,0.904865825350499
"rs64743",100,3,0.288658927236171,0.904865825350499
"rs93874",100,3,0.313781794107,0.904865825350499
"rs41227",100,3,0.314487337217427,0.904865825350499
"rs77787",100,3,0.329448859683155,0.904865825350499
"rs69792",100,3,0.400635365100403,0.904865825350499
"rs79273",100,3,0.415177760918789,0.904865825350499
"rs15365",100,3,0.415521847356209,0.904865825350499
"rs97964",100,3,0.433135229072213,0.904865825350499
"rs78369",100,3,0.441539245201229,0.904865825350499
"rs78356",100,3,0.459673437630001,0.904865825350499
"rs84473",100,3,0.461819234049457,0.904865825350499
"rs14154",100,3,0.465262032338442,0.904865825350499
"rs83336",100,3,0.465839148697676,0.904865825350499
"rs56579",100,3,0.468229632713967,0.904865825350499
"rs34168",100,3,0.513138345410964,0.904865825350499
"rs58943",100,3,0.515757098938476,0.904865825350499
"rs19245",100,3,0.517620229315146,0.904865825350499
"rs21972",100,3,0.528204945262219,0.904865825350499
"rs57298",100,3,0.531707451655788,0.904865825350499
"rs57179",100,3,0.542919495210299,0.904865825350499
"rs35374",100,3,0.579756399525649,0.913672449540903
"rs91783",100,3,0.584750367706178,0.913672449540903
"rs47951",100,3,0.657949389568602,0.936492791649756
"rs59119",100,3,0.667961636335242,0.936492791649756
"rs65498",100,3,0.674098637201094,0.936492791649756
"rs57586",100,3,0.694115597480129,0.936492791649756
"rs91154",100,3,0.722563333880411,0.936492791649756
"rs29772",100,3,0.723571844963568,0.936492791649756
"rs11326",100,3,0.731664872256881,0.936492791649756
"rs56821",100,3,0.749599847777696,0.936492791649756
"rs72959",100,3,0.7679240891528,0.936492791649756
"rs24192",100,3,0.807005319648009,0.947662335170652
"rs21843",100,3,0.83930356114399,0.947662335170652
"rs82922",100,3,0.843229262658098,0.947662335170652
"rs88447",100,3,0.852896101653587,0.947662335170652
"rs87926",100,3,0.902540876905855,0.960221004021714
"rs18317",100,3,0.902607743780412,0.960221004021714
"rs29978",100,3,0.945307806023856,0.977099204057467
"rs72794",100,3,0.957557219976318,0.977099204057467
"rs13977",100,3,0.984579034596172,0.984579034596172
