"snp","n_dosage0","n_dosage1","n_dosage2","n_nonmissing","pct_heterozygous"
"rs93874",24,46,30,100,46
"rs56821",18,57,25,100,57
"rs21972",22,46,32,100,46
"rs72794",28,47,25,100,47
"rs57179",24,39,37,100,39
"rs15365",27,47,26,100,47
"rs91154",21,54,25,100,54
"rs19486",31,41,28,100,41
"rs59798",34,42,24,100,42
"rs13977",24,50,26,100,50
"rs21843",26,42,32,100,42
"rs31247",30,44,26,100,44
"rs91783",27,53,20,100,53
"rs69792",26,44,30,100,44
"rs82922",30,43,27,100,43
"rs88128",32,45,23,100,45
"rs87926",20,62,18,100,62
"rs11326",32,49,19,100,49
"rs18317",21,54,25,100,54
"rs83336",23,49,28,100,49
"rs67611",30,48,22,100,48
"rs56579",20,64,16,100,64
"rs57586",25,50,25,100,50
"rs26922",27,51,22,100,51
"rs19245",25,53,22,100,53
"rs47951",31,48,21,100,48
"rs77787",29,48,23,100,48
"rs29978",22,50,28,100,50
"rs35374",25,48,27,100,48
"rs88447",27,46,27,100,46
"rs91479",28,43,29,100,43
"rs24192",25,54,21,100,54
"rs58943",24,48,28,100,48
"rs29772",33,43,24,100,43
"rs41227",23,48,29,100,48
"rs31255",27,57,16,100,57
"rs15488",25,49,26,100,49
"rs84473",23,48,29,100,48
"rs78356",27,44,29,100,44
"rs79273",30,43,27,100,43
"rs34168",29,44,27,100,44
"rs57298",20,55,25,100,55
"rs72959",25,52,23,100,52
"rs59119",27,50,23,100,50
"rs65498",19,55,26,100,55
"rs64743",34,45,21,100,45
"rs14154",19,57,24,100,57
"rs36733",25,51,24,100,51
"rs97964",27,48,25,100,48
"rs78369",19,53,28,100,53
